lines-config-nluns,lines-config-nblks,lines-config-nsecs,lines-usage-data,lines-usage-trans,lines-usage-free,lines-usage-emeta,lines-usage-closed,lines-usage-bad,lines-usage-corrupt-data,lines-usage-corrupt-trans,lines-usage-corrupt-total,lines-usage-total,gc-full,gc-high,gc-mid,gc-low,gc-empty,gc-queue,data-line-cur,data-sec-cur,data-sec-left,data-sec-total,data-vsc,data-map-weight,data-map-total,data-meta_weight,trans-line-cur,trans-sec-cur,trans-sec-left,trans-sec-total,trans-vsc,trans-map-weight,trans-map-total,trans-meta_weight,trans-config-size-l2p,trans-config-size-dir,trans-config-size-cache,trans-config-size-bucket,trans-capture-data,trans-capture-journal,trans-capture-super,trans-capture-bitmap-data,trans-capture-bitmap-inode,trans-capture-inode,trans-capture-unknown,trans-cache-use,trans-cache-total,trans-cache-ratio,time
17,17,69631,14,4,1904,0,10,0,10,20,0,1920,0,0,0,8,2,0,14,29168,40320,69480,69476,29168,69632,1,4,55480,14008,69480,69480,55480,69632,1,544773760,913920,262144000,65536,30,35,1,0,0,0,0,3875,4000,96,0.015687227249145508
17,17,6931,14,4,1904,0,10,0,10,20,0,1920,0,0,0,8,2,0,14,29168,40320,69480,69476,29168,69632,1,4,55480,14008,69480,69480,55480,69632,1,544773760,913920,262144000,65536,30,35,1,0,0,0,0,3875,4000,96,6.028888702392578
17,17,6931,24,4,1904,0,10,0,10,20,0,1920,0,0,0,8,2,0,14,29168,40320,69480,69476,29168,69632,1,4,55480,14008,69480,69480,55480,69632,1,544773760,913920,262144000,65536,30,35,1,0,0,0,0,3875,4000,96,15.049288749694824
17,17,6931,24,1,1904,0,10,0,10,20,0,1920,0,0,0,8,2,0,14,29168,40320,69480,69476,29168,69632,1,4,55480,14008,69480,69480,55480,69632,1,544773760,913920,262144000,65536,30,35,1,0,0,0,0,3875,4000,96,18.056137561798096
17,17,6931,24,3,1904,0,10,0,10,20,0,1920,0,0,0,8,2,0,14,29168,40320,69480,69476,29168,69632,1,4,55480,14008,69480,69480,55480,69632,1,544773760,913920,262144000,65536,30,35,1,0,0,0,0,3875,4000,96,19.058451890945435
17,17,6931,24,4,1904,0,10,0,10,20,0,1920,0,0,0,8,2,0,14,29168,40320,69480,69476,29168,69632,1,4,55480,14008,69480,69480,55480,69632,1,544773760,913920,262144000,65536,30,35,1,0,0,0,0,3875,4000,96,21.062994241714478
